iter	RMSE
0	5.330247706e-06
1	4.951795077e-06
2	4.885135411e-06
3	4.433496544e-06
4	4.044383876e-06
5	3.997630875e-06
6	3.964825478e-06
7	3.766099097e-06
8	3.681896644e-06
9	3.477000836e-06
10	3.344073524e-06
11	2.834276887e-06
12	2.71213379e-06
13	2.666357515e-06
14	2.498543762e-06
